{
  "signals_generated": 18849,
  "signals_filtered": 18762,
  "total_trades": 87,
  "total_pips": -322.7959959999911,
  "win_rate": 41.37931034482759,
  "profit_factor": 0.5389392672071524,
  "trades_per_week": 1.45
}