{
  "signals_generated": 16758,
  "signals_filtered": 16340,
  "total_trades": 418,
  "total_pips": -1608.7699049999726,
  "win_rate": 49.282296650717704,
  "profit_factor": 0.4878500579140145,
  "trades_per_week": 6.9336492890995265
}