{
  "signals_generated": 8868,
  "signals_filtered": 8835,
  "total_trades": 33,
  "total_pips": 231.48430000000045,
  "win_rate": 57.57575757575758,
  "profit_factor": 1.4024045432555134,
  "trades_per_week": 4.714285714285714
}