time,open,high,low,close,tick_volume
2025-12-01 03:35:00,0.65507,0.65513,0.65506,0.65508,43
