time,open,high,low,close,tick_volume
2025-12-01 00:33:00,1.32334,1.32337,1.32306,1.32309,6
